Week,ArtificialIntelligence,DeepLearning
20/09/2015,11,4
27/09/2015,11,4
4/10/2015,11,4
11/10/2015,10,4
18/10/2015,10,4
25/10/2015,11,4
1/11/2015,11,3
8/11/2015,12,5
15/11/2015,12,4
22/11/2015,10,4
29/11/2015,11,4
6/12/2015,12,5
13/12/2015,11,5
20/12/2015,9,4
27/12/2015,9,3
3/01/2016,14,4
10/01/2016,12,4
17/01/2016,11,6
24/01/2016,12,7
31/01/2016,11,6
7/02/2016,11,5
14/02/2016,10,5
21/02/2016,12,5
28/02/2016,11,5
6/03/2016,13,7
13/03/2016,13,8
20/03/2016,12,6
27/03/2016,12,6
3/04/2016,12,7
10/04/2016,11,6
17/04/2016,12,6
24/04/2016,12,6
1/05/2016,12,6
8/05/2016,12,6
15/05/2016,13,7
22/05/2016,12,6
29/05/2016,11,6
5/06/2016,11,7
12/06/2016,10,6
19/06/2016,10,7
26/06/2016,10,7
3/07/2016,10,6
10/07/2016,9,6
17/07/2016,9,6
24/07/2016,9,6
31/07/2016,9,6
7/08/2016,9,6
14/08/2016,8,5
21/08/2016,10,6
28/08/2016,10,7
4/09/2016,11,6
11/09/2016,11,7
18/09/2016,12,6
25/09/2016,12,8
2/10/2016,13,8
9/10/2016,16,8
16/10/2016,14,8
23/10/2016,14,8
30/10/2016,14,8
6/11/2016,14,8
13/11/2016,14,9
20/11/2016,14,9
27/11/2016,15,9
4/12/2016,16,10
11/12/2016,15,9
18/12/2016,13,9
25/12/2016,12,7
1/01/2017,14,9
8/01/2017,15,10
15/01/2017,14,10
22/01/2017,15,10
29/01/2017,14,10
5/02/2017,15,10
12/02/2017,15,11
19/02/2017,16,11
26/02/2017,15,11
5/03/2017,16,11
12/03/2017,17,12
19/03/2017,15,11
26/03/2017,17,11
2/04/2017,17,12
9/04/2017,16,11
16/04/2017,16,12
23/04/2017,18,12
30/04/2017,17,11
7/05/2017,16,12
14/05/2017,18,12
21/05/2017,18,12
28/05/2017,15,11
4/06/2017,14,11
11/06/2017,15,11
18/06/2017,14,11
25/06/2017,15,12
2/07/2017,14,11
9/07/2017,15,12
16/07/2017,16,13
23/07/2017,18,12
30/07/2017,23,12
6/08/2017,18,13
13/08/2017,17,13
20/08/2017,17,12
27/08/2017,17,12
3/09/2017,23,13
10/09/2017,21,13
17/09/2017,20,14
24/09/2017,20,13
1/10/2017,20,13
8/10/2017,22,13
15/10/2017,21,14
22/10/2017,26,13
29/10/2017,24,14
5/11/2017,25,14
12/11/2017,24,15
19/11/2017,22,14
26/11/2017,25,15
3/12/2017,25,15
10/12/2017,23,15
17/12/2017,19,14
24/12/2017,17,12
31/12/2017,20,13
7/01/2018,21,15
14/01/2018,30,14
21/01/2018,29,14
28/01/2018,27,16
4/02/2018,24,15
11/02/2018,24,13
18/02/2018,24,14
25/02/2018,24,14
4/03/2018,23,14
11/03/2018,24,14
18/03/2018,23,15
25/03/2018,21,14
1/04/2018,21,14
8/04/2018,23,15
15/04/2018,24,15
22/04/2018,23,15
29/04/2018,22,14
6/05/2018,25,15
13/05/2018,23,15
20/05/2018,22,14
27/05/2018,21,14
3/06/2018,21,14
10/06/2018,19,14
17/06/2018,17,14
24/06/2018,19,14
1/07/2018,18,13
8/07/2018,19,14
15/07/2018,19,14
22/07/2018,20,13
29/07/2018,20,14
5/08/2018,20,13
12/08/2018,19,12
19/08/2018,18,14
26/08/2018,20,14
2/09/2018,21,14
9/09/2018,22,14
16/09/2018,22,15
23/09/2018,23,15
30/09/2018,21,15
7/10/2018,22,15
14/10/2018,23,15
21/10/2018,24,15
28/10/2018,23,15
4/11/2018,21,15
11/11/2018,25,15
18/11/2018,22,14
25/11/2018,24,15
2/12/2018,24,16
9/12/2018,22,15
16/12/2018,23,13
23/12/2018,17,10
30/12/2018,18,11
6/01/2019,22,14
13/01/2019,24,15
20/01/2019,22,15
27/01/2019,23,15
3/02/2019,23,15
10/02/2019,24,15
17/02/2019,25,15
24/02/2019,23,15
3/03/2019,23,15
10/03/2019,23,15
17/03/2019,23,14
24/03/2019,24,16
31/03/2019,23,15
7/04/2019,23,16
14/04/2019,21,14
21/04/2019,23,15
28/04/2019,24,14
5/05/2019,23,14
12/05/2019,24,15
19/05/2019,22,15
26/05/2019,21,14
2/06/2019,21,14
9/06/2019,22,15
16/06/2019,24,15
23/06/2019,22,15
30/06/2019,21,14
7/07/2019,22,15
14/07/2019,23,15
21/07/2019,22,14
28/07/2019,22,13
4/08/2019,21,14
11/08/2019,21,14
18/08/2019,22,14
25/08/2019,22,14
1/09/2019,22,15
8/09/2019,25,15
15/09/2019,25,15
22/09/2019,26,15
29/09/2019,23,15
6/10/2019,24,15
13/10/2019,24,15
20/10/2019,23,14
27/10/2019,22,14
3/11/2019,25,14
10/11/2019,24,15
17/11/2019,27,15
24/11/2019,24,15
1/12/2019,24,14
8/12/2019,25,15
15/12/2019,22,15
22/12/2019,17,11
29/12/2019,19,12
5/01/2020,25,15
12/01/2020,25,15
19/01/2020,24,14
26/01/2020,24,14
2/02/2020,24,15
9/02/2020,25,16
16/02/2020,26,16
23/02/2020,26,16
1/03/2020,25,15
8/03/2020,23,14
15/03/2020,19,12
22/03/2020,19,12
29/03/2020,19,13
5/04/2020,21,13
12/04/2020,22,14
19/04/2020,21,15
26/04/2020,20,15
3/05/2020,22,15
10/05/2020,22,15
17/05/2020,21,15
24/05/2020,20,15
31/05/2020,21,14
7/06/2020,20,15
14/06/2020,21,15
21/06/2020,20,14
28/06/2020,20,14
5/07/2020,19,14
12/07/2020,21,15
19/07/2020,21,14
26/07/2020,20,14
2/08/2020,20,13
9/08/2020,21,13
16/08/2020,22,14
23/08/2020,21,14
30/08/2020,21,14
6/09/2020,24,14
13/09/2020,21,14
